{"node": 10922.0, "left": {"node": 8632.0, "left": {"node": 7255.875, "left": {"node": 5396.625, "left": {"node": 2616.0, "left": {"node": 2033.25, "left": 98792.5925925926, "right": 147014.2857142857}, "right": {"node": 4029.5, "left": {"node": 3322.5, "left": 174007.6923076923, "right": 156675.72727272726}, "right": {"node": 4491.25, "left": 140264.26666666666, "right": {"node": 5029.625, "left": 151794.72727272726, "right": 173894.11764705883}}}}, "right": {"node": 6090.25, "left": {"node": 5577.125, "left": 114575.55555555556, "right": {"node": 5924.125, "left": 132939.70588235295, "right": 106817.66666666667}}, "right": {"node": 6692.25, "left": {"node": 6290.375, "left": 126054.34782608696, "right": 129686.84210526316}, "right": {"node": 7090.875, "left": {"node": 6909.875, "left": 163245.33333333334, "right": 144560.07407407407}, "right": {"node": 7161.25, "left": 143625.0, "right": 129916.66666666667}}}}}, "right": {"node": 8127.0, "left": {"node": 7956.875, "left": {"node": 7515.875, "left": 165715.5172413793, "right": {"node": 7797.5, "left": 155804.83870967742, "right": 148427.60606060605}}, "right": 176361.55172413794}, "right": {"node": 8471.125, "left": {"node": 8360.875, "left": 136354.92592592593, "right": 149540.88235294117}, "right": 132260.0}}}, "right": {"node": 10026.25, "left": {"node": 9012.375, "left": {"node": 8773.125, "left": 180026.28125, "right": {"node": 8940.125, "left": {"node": 8849.375, "left": 167235.0, "right": 143479.66666666666}, "right": 154726.04545454544}}, "right": {"node": 9595.0, "left": {"node": 9258.875, "left": {"node": 9094.75, "left": 169271.25, "right": {"node": 9152.5, "left": 159531.85, "right": 186717.18181818182}}, "right": {"node": 9500.75, "left": {"node": 9386.25, "left": 189303.27272727274, "right": 174374.82352941178}, "right": 205577.35}}, "right": {"node": 9758.625, "left": {"node": 9601.5, "left": 148350.0, "right": 178764.0625}, "right": {"node": 9968.875, "left": {"node": 9906.5, "left": 162290.2857142857, "right": 220594.16666666666}, "right": 158560.7142857143}}}}, "right": {"node": 10656.75, "left": {"node": 10501.875, "left": {"node": 10349.625, "left": {"node": 10223.0, "left": {"node": 10128.5, "left": 197280.0, "right": 182619.88461538462}, "right": 190648.9375}, "right": {"node": 10439.5, "left": 186892.85714285713, "right": 162910.7142857143}}, "right": 206594.96}, "right": {"node": 10779.25, "left": 183160.0, "right": 164258.62068965516}}}}, "right": {"node": 14200.75, "left": {"node": 11822.125, "left": {"node": 11451.625, "left": {"node": 11121.375, "left": 200593.125, "right": {"node": 11310.0, "left": 223897.9655172414, "right": 212501.39130434784}}, "right": {"node": 11634.25, "left": 164791.94444444444, "right": 205907.1}}, "right": {"node": 12483.25, "left": {"node": 12213.0, "left": {"node": 12099.375, "left": 227063.87878787878, "right": 187200.0}, "right": 249013.0}, "right": {"node": 13848.875, "left": {"node": 13158.125, "left": {"node": 12799.75, "left": 195203.11111111112, "right": 215882.875}, "right": {"node": 13501.625, "left": 257357.5, "right": 210623.2}}, "right": 263208.14285714284}}}, "right": {"node": 16181.625, "left": {"node": 15489.875, "left": {"node": 14883.375, "left": 269496.35714285716, "right": 344914.6}, "right": 268757.6842105263}, "right": {"node": 41453.875, "left": {"node": 19315.125, "left": {"node": 16985.75, "left": 230652.38888888888, "right": 189075.39130434784}, "right": {"node": 24165.25, "left": 266016.9130434783, "right": 213536.2}}, "right": 295688.46153846156}}}}