{
  "node": 1487.0,
  "feature": "GrLivArea",
  "left": 137956.81142857144,
  "right": {
    "node": 2143.5,
    "feature": "GrLivArea",
    "left": 209986.13402061857,
    "right": {
      "node": 8660.0,
      "feature": "LotArea",
      "left": 150139.22222222222,
      "right": {
        "node": 2375.0,
        "feature": "GrLivArea",
        "left": 265246.07692307694
      }
    }
  }
}