{
  "node": 10923.6,
  "left": {
    "node": 8618.2,
    "left": {
      "node": 7202.15,
      "left": {
        "node": 5399.6,
        "left": {
          "node": 2908.85,
          "left": 124667.27272727272,
          "right": {
            "node": 4036.75,
            "left": 167538.19512195123,
            "right": {
              "node": 4650.95,
              "left": 142088.47368421053,
              "right": 164653.2258064516
            }
          }
        },
        "right": {
          "node": 6429.25,
          "left": {
            "node": 6073.35,
            "left": 117751.6170212766,
            "right": 123757.57575757576
          },
          "right": {
            "node": 6957.3,
            "left": 152140.15384615384,
            "right": 137113.3103448276
          }
        }
      },
      "right": {
        "node": 8135.1,
        "left": {
          "node": 7819.35,
          "left": {
            "node": 7592.0,
            "left": 159355.68181818182,
            "right": 150939.6551724138
          },
          "right": 165348.07407407407
        },
        "right": {
          "node": 8363.5,
          "left": 136354.92592592593,
          "right": {
            "node": 8471.3,
            "left": 149540.88235294117,
            "right": 132260.0
          }
        }
      }
    },
    "right": {
      "node": 10030.85,
      "left": {
        "node": 9107.25,
        "left": {
          "node": 8852.0,
          "left": 174519.64150943398,
          "right": {
            "node": 9006.4,
            "left": 149810.4358974359,
            "right": 160349.11538461538
          }
        },
        "right": {
          "node": 9592.85,
          "left": {
            "node": 9359.85,
            "left": 180741.48936170212,
            "right": 195077.70454545456
          },
          "right": {
            "node": 9800.9,
            "left": 159080.10204081633,
            "right": 179300.1739130435
          }
        }
      },
      "right": {
        "node": 10481.5,
        "left": {
          "node": 10326.1,
          "left": 187271.42857142858,
          "right": 185953.125
        },
        "right": {
          "node": 10686.05,
          "left": 194322.11428571428,
          "right": 167012.8205128205
        }
      }
    }
  },
  "right": {
    "node": 14215.0,
    "left": {
      "node": 11812.8,
      "left": {
        "node": 11405.1,
        "left": {
          "node": 11207.3,
          "left": 209325.0285714286,
          "right": 215485.81818181818
        },
        "right": 192212.97826086957
      },
      "right": {
        "node": 12480.55,
        "left": {
          "node": 12210.5,
          "left": 213510.16,
          "right": 249013.0
        },
        "right": {
          "node": 13156.6,
          "left": 207020.11904761905,
          "right": {
            "node": 13558.3,
            "left": 253339.58333333334,
            "right": 234760.7380952381
          }
        }
      }
    },
    "right": {
      "node": 43625.4,
      "left": {
        "node": 17888.2,
        "left": {
          "node": 15514.85,
          "left": 289283.1794871795,
          "right": 234947.46
        },
        "right": 230031.01923076922
      },
      "right": 295688.46153846156
    }
  }
}