{"node": 10922.5, "left": {"node": 8448.5, "left": {"node": 1989.0, "left": 96352.94117647059, "right": {"node": 5670.0, "left": {"node": 3306.5, "left": {"node": 2627.25, "left": 146605.88235294117, "right": 175115.7894736842}, "right": {"node": 4498.25, "left": {"node": 4022.0, "left": 149860.3125, "right": 131102.63157894736}, "right": {"node": 4981.75, "left": 166906.0, "right": 157995.45454545456}}}, "right": {"node": 6708.0, "left": {"node": 6143.0, "left": 110371.42857142857, "right": 119343.47826086957}, "right": {"node": 7237.75, "left": {"node": 6891.0, "left": 168449.33333333334, "right": {"node": 7016.75, "left": 124840.0, "right": {"node": 7161.0, "left": 150721.8, "right": 126823.80952380953}}}, "right": {"node": 8130.0, "left": {"node": 7931.0, "left": {"node": 7592.0, "left": 160445.0, "right": 149108.82352941178}, "right": 173138.68421052632}, "right": 130842.30769230769}}}}}, "right": {"node": 9017.5, "left": {"node": 8850.0, "left": {"node": 8550.25, "left": 151480.88, "right": {"node": 8760.25, "left": 190032.4090909091, "right": 167084.5}}, "right": 147913.92307692306}, "right": {"node": 9338.0, "left": {"node": 9133.0, "left": 174998.90476190476, "right": 192356.25}, "right": {"node": 9736.5, "left": {"node": 9399.25, "left": 183857.14285714287, "right": {"node": 9530.5, "left": 152060.0, "right": {"node": 9597.0, "left": 182062.5, "right": 157612.03703703705}}}, "right": {"node": 10348.25, "left": {"node": 10203.75, "left": {"node": 10163.5, "left": {"node": 10026.75, "left": {"node": 9819.25, "left": 181676.92307692306, "right": 183400.25806451612}, "right": 202422.8}, "right": 175914.2857142857}, "right": 196241.75}, "right": {"node": 10560.75, "left": 166406.25, "right": {"node": 10778.0, "left": 198209.73913043478, "right": 166673.91304347827}}}}}}}, "right": {"node": 14147.5, "left": {"node": 11786.75, "left": {"node": 11445.0, "left": {"node": 11142.75, "left": 205200.0, "right": {"node": 11303.5, "left": 225668.61904761905, "right": 213757.33333333334}}, "right": 177892.78260869565}, "right": {"node": 12507.5, "left": {"node": 12102.75, "left": 231611.93333333332, "right": 229147.78787878787}, "right": {"node": 13107.75, "left": 194125.96, "right": {"node": 13512.75, "left": 256216.92857142858, "right": 217004.82142857142}}}}, "right": {"node": 16295.75, "left": {"node": 15491.25, "left": {"node": 14600.5, "left": 258001.41176470587, "right": 292805.0}, "right": 259184.875}, "right": {"node": 48145.75, "left": {"node": 19366.25, "left": 211296.5, "right": 245015.4827586207}, "right": 292195.0}}}}